SrcIP;DstIP;SrcPort;DstPort;OrgName;SNI;Hostname;AD flag;Version;Client CipherSuite;Client Extensions;Client SG;CEC_fmt;JA3hash;Server CipherSuite;Server Extensions;Server SG;SEC_fmt;JA3S hash
10.0.2.15;104.127.61.74;40474;443;not resolved;sb.scorecardresearch.com;sb.scorecardresearch.com;AD;771;49195-49196-52393-49199-49200-52392-49161-49162-49171-49172-156-157-47-53;0-23-10-11-35-16-5-13;0x0000001d,0x00000017,0x00000018;0;193c522402283ed9e84b8bb38137829f;49200;0-11-35-5-16;;0,1,2;4e3362a4d6bdc0739bcf48fe32243a69
10.0.2.15;104.127.61.74;40498;443;not resolved;sb.scorecardresearch.com;sb.scorecardresearch.com;AD;771;49195-49196-52393-49199-49200-52392-49161-49162-49171-49172-156-157-47-53;0-23-10-11-35-16-5-13;0x0000001d,0x00000017,0x00000018;0;193c522402283ed9e84b8bb38137829f;49200;16;;;0bcfa5ab48fd49e9b452fbea51bf9ff7
10.0.2.15;104.127.61.74;40525;443;not resolved;sb.scorecardresearch.com;sb.scorecardresearch.com;AD;771;49195-49196-52393-49199-49200-52392-49161-49162-49171-49172-156-157-47-53;0-23-10-11-35-16-5-13;0x0000001d,0x00000017,0x00000018;0;193c522402283ed9e84b8bb38137829f;49200;0-11-35-5-16;;0,1,2;4e3362a4d6bdc0739bcf48fe32243a69
10.0.2.15;104.127.61.74;40526;443;not resolved;sb.scorecardresearch.com;sb.scorecardresearch.com;AD;771;49195-49196-52393-49199-49200-52392-49161-49162-49171-49172-156-157-47-53;0-23-10-11-35-16-5-13;0x0000001d,0x00000017,0x00000018;0;193c522402283ed9e84b8bb38137829f;49200;16;;;0bcfa5ab48fd49e9b452fbea51bf9ff7
10.0.2.15;104.127.61.74;40527;443;not resolved;sb.scorecardresearch.com;sb.scorecardresearch.com;AD;771;49195-49196-52393-49199-49200-52392-49161-49162-49171-49172-156-157-47-53;0-23-10-11-35-16-5-13;0x0000001d,0x00000017,0x00000018;0;193c522402283ed9e84b8bb38137829f;49200;16;;;0bcfa5ab48fd49e9b452fbea51bf9ff7
10.0.2.15;104.127.61.74;40541;443;not resolved;sb.scorecardresearch.com;sb.scorecardresearch.com;AD;771;49195-49196-52393-49199-49200-52392-49161-49162-49171-49172-156-157-47-53;0-23-10-11-35-16-5-13;0x0000001d,0x00000017,0x00000018;0;193c522402283ed9e84b8bb38137829f;49200;16;;;0bcfa5ab48fd49e9b452fbea51bf9ff7
10.0.2.15;104.127.61.74;40553;443;not resolved;sb.scorecardresearch.com;sb.scorecardresearch.com;AD;771;49195-49196-52393-49199-49200-52392-49161-49162-49171-49172-156-157-47-53;0-23-10-11-35-16-5-13;0x0000001d,0x00000017,0x00000018;0;193c522402283ed9e84b8bb38137829f;49200;16;;;0bcfa5ab48fd49e9b452fbea51bf9ff7
10.0.2.15;104.127.61.74;40554;443;not resolved;sb.scorecardresearch.com;sb.scorecardresearch.com;AD;771;49195-49196-52393-49199-49200-52392-49161-49162-49171-49172-156-157-47-53;0-23-10-11-35-16-5-13;0x0000001d,0x00000017,0x00000018;0;193c522402283ed9e84b8bb38137829f;49200;16;;;0bcfa5ab48fd49e9b452fbea51bf9ff7
10.0.2.15;104.127.61.74;40555;443;not resolved;sb.scorecardresearch.com;sb.scorecardresearch.com;AD;771;49195-49196-52393-49199-49200-52392-49161-49162-49171-49172-156-157-47-53;0-23-10-11-35-16-5-13;0x0000001d,0x00000017,0x00000018;0;193c522402283ed9e84b8bb38137829f;49200;16;;;0bcfa5ab48fd49e9b452fbea51bf9ff7
10.0.2.15;104.127.61.90;42574;443;not resolved;sb.voicefive.com;sb.voicefive.com;AD;771;49195-49196-52393-49199-49200-52392-49161-49162-49171-49172-156-157-47-53;0-23-10-11-35-16-5-13;0x0000001d,0x00000017,0x00000018;0;193c522402283ed9e84b8bb38137829f;49200;0-11-35-5-16;;0,1,2;4e3362a4d6bdc0739bcf48fe32243a69
10.0.2.15;151.101.114.133;37980;443;not resolved;identity.mparticle.com;identity.mparticle.com;AD;771;49195-49196-52393-49199-49200-52392-158-159-49161-49162-49171-49172-51-57-156-157-47-53;0-23-35-13-16-11-10;0x00000017;0;1d9c09ee8595b0a1e34ac5c212c0448a;49199;0-11-35-23-16;;0,1,2;f30c69a500705210e6c547d244ffe506
10.0.2.15;151.101.114.133;37985;443;not resolved;identity.mparticle.com;identity.mparticle.com;AD;771;49195-49196-52393-49199-49200-52392-158-159-49161-49162-49171-49172-51-57-156-157-47-53;0-23-35-13-16-11-10;0x00000017;0;1d9c09ee8595b0a1e34ac5c212c0448a;49199;23-16;;;14fa42c15cd2f1eb37c60916a66d6313
10.0.2.15;151.101.130.133;53696;443;not resolved;config2.mparticle.com;config2.mparticle.com;AD;771;49195-49196-52393-49199-49200-52392-158-159-49161-49162-49171-49172-51-57-156-157-47-53;0-23-35-13-16-11-10;0x00000017;0;1d9c09ee8595b0a1e34ac5c212c0448a;49199;0-11-35-23-16;;0,1,2;f30c69a500705210e6c547d244ffe506
10.0.2.15;151.101.66.110;41204;443;not resolved;mobile-collector.newrelic.com;mobile-collector.newrelic.com;AD;771;49195-49196-52393-49199-49200-52392-49161-49162-49171-49172-156-157-47-53;0-23-10-11-35-16-5-13;0x0000001d,0x00000017,0x00000018;0;193c522402283ed9e84b8bb38137829f;49199;0-11-35-5-23-16;;0,1,2;9750dfb1be3e95b4f02d2eeead0ea657
10.0.2.15;151.101.66.133;42276;443;not resolved;config2.mparticle.com;config2.mparticle.com;AD;771;49195-49196-52393-49199-49200-52392-158-159-49161-49162-49171-49172-51-57-156-157-47-53;0-23-35-13-16-11-10;0x00000017;0;1d9c09ee8595b0a1e34ac5c212c0448a;49199;23-16;;;14fa42c15cd2f1eb37c60916a66d6313
10.0.2.15;151.101.66.202;35393;443;not resolved;sdk.foursquare.com;sdk.foursquare.com;;771;49195-49196-52393-49199-49200-52392-49171-49172-156-157-47-53;0-23-35-13-16-11-10;0x00000017;0;1bff249589c418e6881e847dda91068a;49199;0-11-35-23-16;;0,1,2;f30c69a500705210e6c547d244ffe506
10.0.2.15;151.101.66.202;35394;443;not resolved;sdk.foursquare.com;sdk.foursquare.com;;771;49195-49196-52393-49199-49200-52392-49171-49172-156-157-47-53;0-23-35-13-16-11-10;0x00000017;0;1bff249589c418e6881e847dda91068a;49199;0-11-35-23-16;;0,1,2;f30c69a500705210e6c547d244ffe506
10.0.2.15;172.217.23.194;41813;443;not resolved;googleads.g.doubleclick.net;googleads.g.doubleclick.net;AD;771;49195-49199-49196-49200-52393-52392-49171-49172-156-157-47-53-10;0-23-35-13-5-18-16-11-10-27;0x0000fafa,0x0000001d,0x00000017,0x00000018;0;d5dcde95b8fa38b5062a128f7eff0737;49195;23-11-35-16;;0;3589acf0c85c607d87bcab1a7e1c7ca3
10.0.2.15;172.217.23.194;41814;443;not resolved;pubads.g.doubleclick.net;googleads.g.doubleclick.net;AD;771;49195-49196-52393-49199-49200-52392-49161-49162-49171-49172-156-157-47-53;0-23-10-11-35-16-5-13;0x0000001d,0x00000017,0x00000018;0;193c522402283ed9e84b8bb38137829f;49195;23-11-35-16;;0;3589acf0c85c607d87bcab1a7e1c7ca3
10.0.2.15;172.217.23.194;41823;443;not resolved;pubads.g.doubleclick.net;googleads.g.doubleclick.net;AD;771;49195-49196-52393-49199-49200-52392-49161-49162-49171-49172-156-157-47-53;0-23-10-11-35-16-5-13;0x0000001d,0x00000017,0x00000018;0;193c522402283ed9e84b8bb38137829f;49195;23-11-35-16;;0;3589acf0c85c607d87bcab1a7e1c7ca3
10.0.2.15;172.217.23.194;41824;443;not resolved;googleads.g.doubleclick.net;googleads.g.doubleclick.net;AD;771;49195-49199-49196-49200-52393-52392-49171-49172-156-157-47-53-10;0-23-35-13-5-18-16-11-10-27;0x0000dada,0x0000001d,0x00000017,0x00000018;0;d5dcde95b8fa38b5062a128f7eff0737;49195;23-11-35-16;;0;3589acf0c85c607d87bcab1a7e1c7ca3
10.0.2.15;172.217.23.194;41874;443;not resolved;googleads.g.doubleclick.net;googleads.g.doubleclick.net;AD;771;49195-49196-52393-49199-49200-52392-49161-49162-49171-49172-156-157-47-53;0-23-10-11-35-16-5-13;0x0000001d,0x00000017,0x00000018;0;193c522402283ed9e84b8bb38137829f;49195;23-11-35-16;;0;3589acf0c85c607d87bcab1a7e1c7ca3
10.0.2.15;172.217.23.194;41877;443;not resolved;pubads.g.doubleclick.net;googleads.g.doubleclick.net;AD;771;49195-49196-52393-49199-49200-52392-49161-49162-49171-49172-156-157-47-53;0-23-10-11-35-16-5-13;0x0000001d,0x00000017,0x00000018;0;193c522402283ed9e84b8bb38137829f;49195;23-11-35-16;;0;3589acf0c85c607d87bcab1a7e1c7ca3
10.0.2.15;172.217.23.194;41878;443;not resolved;securepubads.g.doubleclick.net;googleads.g.doubleclick.net;AD;771;49195-49196-52393-49199-49200-52392-49161-49162-49171-49172-156-157-47-53;0-23-10-11-35-16-5-13;0x0000001d,0x00000017,0x00000018;0;193c522402283ed9e84b8bb38137829f;49195;23-11-35-16;;0;3589acf0c85c607d87bcab1a7e1c7ca3
10.0.2.15;172.217.23.194;41885;443;not resolved;pubads.g.doubleclick.net;googleads.g.doubleclick.net;AD;771;49195-49196-52393-49199-49200-52392-49161-49162-49171-49172-156-157-47-53;0-23-10-11-35-16-5-13;0x0000001d,0x00000017,0x00000018;0;193c522402283ed9e84b8bb38137829f;49195;23-11-16;;0;3e22c1e49e52f88fc45c8cbd6b8e1f37
10.0.2.15;172.217.23.194;41888;443;not resolved;securepubads.g.doubleclick.net;googleads.g.doubleclick.net;AD;771;49195-49196-52393-49199-49200-52392-49161-49162-49171-49172-156-157-47-53;0-23-10-11-35-16-5-13;0x0000001d,0x00000017,0x00000018;0;193c522402283ed9e84b8bb38137829f;49195;23-11-16;;0;3e22c1e49e52f88fc45c8cbd6b8e1f37
10.0.2.15;172.217.23.202;53139;443;not resolved;fonts.googleapis.com;android.googleapis.com;;771;49195-49199-49196-49200-52393-52392-49171-49172-156-157-47-53-10;0-23-35-13-5-18-16-11-10-27;0x00004a4a,0x0000001d,0x00000017,0x00000018;0;d5dcde95b8fa38b5062a128f7eff0737;49195;23-11-35-16;;0;3589acf0c85c607d87bcab1a7e1c7ca3
10.0.2.15;172.217.23.232;33181;443;not resolved;ssl.google-analytics.com;ssl.google-analytics.com;AD;771;49195-49196-52393-49199-49200-52392-49161-49162-49171-49172-156-157-47-53;0-23-10-11-35-16-5-13;0x0000001d,0x00000017,0x00000018;0;193c522402283ed9e84b8bb38137829f;49199;23-11-16;;0;7e2cc52c56f9520482ef0b6d7127a110
10.0.2.15;172.217.23.234;35691;443;not resolved;cloudconfig.googleapis.com;android.googleapis.com;;771;49195-49196-52393-49199-49200-52392-49161-49162-49171-49172-156-157-47-53;0-23-10-11-5-13;0x0000001d,0x00000017,0x00000018;0;3d9a16cdc1b2a98f6046af1c833054b8;49195;23-11;;0;9ab8f8c869ad234d4025e882270a547a
10.0.2.15;172.217.23.234;35692;443;not resolved;cloudconfig.googleapis.com;android.googleapis.com;;771;49195-49196-52393-49199-49200-52392-49161-49162-49171-49172-156-157-47-53;0-23-10-11-5-13;0x0000001d,0x00000017,0x00000018;0;3d9a16cdc1b2a98f6046af1c833054b8;49195;23-11;;0;9ab8f8c869ad234d4025e882270a547a
10.0.2.15;172.217.23.234;35694;443;not resolved;cloudconfig.googleapis.com;android.googleapis.com;;771;49195-49196-52393-49199-49200-52392-49161-49162-49171-49172-156-157-47-53;0-23-10-11-5-13;0x0000001d,0x00000017,0x00000018;0;3d9a16cdc1b2a98f6046af1c833054b8;49195;23-11;;0;9ab8f8c869ad234d4025e882270a547a
10.0.2.15;172.217.23.234;35695;443;not resolved;cloudconfig.googleapis.com;android.googleapis.com;;771;49195-49196-52393-49199-49200-52392-49161-49162-49171-49172-156-157-47-53;0-23-10-11-5-13;0x0000001d,0x00000017,0x00000018;0;3d9a16cdc1b2a98f6046af1c833054b8;49195;23-11;;0;9ab8f8c869ad234d4025e882270a547a
10.0.2.15;184.51.10.56;46374;443;not resolved;z.moatads.com;z.moatads.com;AD;771;49195-49196-52393-49199-49200-52392-158-159-49161-49162-49171-49172-51-57-156-157-47-53;0-23-35-13-16-11-10;0x00000017;0;1d9c09ee8595b0a1e34ac5c212c0448a;49196;0-11-35-16;;0,1,2;69be2fcee93868ba03998266cb051021
10.0.2.15;184.51.9.204;49184;443;not resolved;api.accuweather.com;api.accuweather.com;;771;49195-49196-52393-49199-49200-52392-158-159-49161-49162-49171-49172-51-57-156-157-47-53;0-23-35-13-16-11-10;0x00000017;0;1d9c09ee8595b0a1e34ac5c212c0448a;49200;0-11-35-16;;0,1,2;7b76ba926d8e1431f720be59188fa170
10.0.2.15;184.51.9.204;49224;443;not resolved;api.accuweather.com;api.accuweather.com;;771;49195-49196-52393-49199-49200-52392-49161-49162-49171-49172-156-157-47-53;0-23-10-11-35-16-5-13;0x0000001d,0x00000017,0x00000018;0;193c522402283ed9e84b8bb38137829f;49200;0-11-35-5-16;;0,1,2;4e3362a4d6bdc0739bcf48fe32243a69
10.0.2.15;184.51.9.204;49225;443;not resolved;api.accuweather.com;api.accuweather.com;;771;49195-49196-52393-49199-49200-52392-49161-49162-49171-49172-156-157-47-53;0-23-10-11-35-16-5-13;0x0000001d,0x00000017,0x00000018;0;193c522402283ed9e84b8bb38137829f;49200;16;;;0bcfa5ab48fd49e9b452fbea51bf9ff7
10.0.2.15;184.51.9.204;49226;443;not resolved;api.accuweather.com;api.accuweather.com;;771;49195-49196-52393-49199-49200-52392-49161-49162-49171-49172-156-157-47-53;0-23-10-11-35-16-5-13;0x0000001d,0x00000017,0x00000018;0;193c522402283ed9e84b8bb38137829f;49200;16;;;0bcfa5ab48fd49e9b452fbea51bf9ff7
10.0.2.15;184.51.9.204;49227;443;not resolved;api.accuweather.com;api.accuweather.com;;771;49195-49196-52393-49199-49200-52392-49161-49162-49171-49172-156-157-47-53;0-23-10-11-35-16-5-13;0x0000001d,0x00000017,0x00000018;0;193c522402283ed9e84b8bb38137829f;49200;16;;;0bcfa5ab48fd49e9b452fbea51bf9ff7
10.0.2.15;184.51.9.204;49230;443;not resolved;api.accuweather.com;api.accuweather.com;;771;49195-49196-52393-49199-49200-52392-49171-49172-156-157-47-53;0-23-10-11-35-16-5-13;0x0000001d,0x00000017,0x00000018;0;0529055d554c9da011b745452211c296;49200;0-11-35-5-16;;0,1,2;4e3362a4d6bdc0739bcf48fe32243a69
10.0.2.15;184.51.9.204;49231;443;not resolved;api.accuweather.com;api.accuweather.com;;771;49195-49196-52393-49199-49200-52392-49171-49172-156-157-47-53;0-23-10-11-35-16-5-13;0x0000001d,0x00000017,0x00000018;0;0529055d554c9da011b745452211c296;49200;0-11-35-5-16;;0,1,2;4e3362a4d6bdc0739bcf48fe32243a69
10.0.2.15;184.51.9.204;49232;443;not resolved;api.accuweather.com;api.accuweather.com;;771;49195-49196-52393-49199-49200-52392-49171-49172-156-157-47-53;0-23-10-11-35-16-5-13;0x0000001d,0x00000017,0x00000018;0;0529055d554c9da011b745452211c296;49200;0-11-35-5-16;;0,1,2;4e3362a4d6bdc0739bcf48fe32243a69
10.0.2.15;184.51.9.204;49233;443;not resolved;api.accuweather.com;api.accuweather.com;;771;49195-49196-52393-49199-49200-52392-49171-49172-156-157-47-53;0-23-10-11-35-16-5-13;0x0000001d,0x00000017,0x00000018;0;0529055d554c9da011b745452211c296;49200;0-11-35-5-16;;0,1,2;4e3362a4d6bdc0739bcf48fe32243a69
10.0.2.15;184.51.9.204;49234;443;not resolved;api.accuweather.com;api.accuweather.com;;771;49195-49196-52393-49199-49200-52392-49171-49172-156-157-47-53;0-23-10-11-35-16-5-13;0x0000001d,0x00000017,0x00000018;0;0529055d554c9da011b745452211c296;49200;0-11-35-5-16;;0,1,2;4e3362a4d6bdc0739bcf48fe32243a69
10.0.2.15;184.51.9.204;49235;443;not resolved;api.accuweather.com;api.accuweather.com;;771;49195-49196-52393-49199-49200-52392-49171-49172-156-157-47-53;0-23-10-11-35-16-5-13;0x0000001d,0x00000017,0x00000018;0;0529055d554c9da011b745452211c296;49200;0-11-35-5-16;;0,1,2;4e3362a4d6bdc0739bcf48fe32243a69
10.0.2.15;184.51.9.204;49236;443;not resolved;api.accuweather.com;api.accuweather.com;;771;49195-49196-52393-49199-49200-52392-49171-49172-156-157-47-53;0-23-10-11-35-16-5-13;0x0000001d,0x00000017,0x00000018;0;0529055d554c9da011b745452211c296;49200;0-11-35-5-16;;0,1,2;4e3362a4d6bdc0739bcf48fe32243a69
10.0.2.15;184.51.9.204;49237;443;not resolved;api.accuweather.com;api.accuweather.com;;771;49195-49196-52393-49199-49200-52392-49171-49172-156-157-47-53;0-23-10-11-35-16-5-13;0x0000001d,0x00000017,0x00000018;0;0529055d554c9da011b745452211c296;49200;0-11-35-5-16;;0,1,2;4e3362a4d6bdc0739bcf48fe32243a69
10.0.2.15;184.51.9.204;49238;443;not resolved;api.accuweather.com;api.accuweather.com;;771;49195-49196-52393-49199-49200-52392-49171-49172-156-157-47-53;0-23-10-11-35-16-5-13;0x0000001d,0x00000017,0x00000018;0;0529055d554c9da011b745452211c296;49200;0-11-35-5-16;;0,1,2;4e3362a4d6bdc0739bcf48fe32243a69
10.0.2.15;184.51.9.204;49241;443;not resolved;api.accuweather.com;api.accuweather.com;;771;49195-49196-52393-49199-49200-52392-49171-49172-156-157-47-53;0-23-10-11-35-16-5-13;0x0000001d,0x00000017,0x00000018;0;0529055d554c9da011b745452211c296;49200;0-11-35-5-16;;0,1,2;4e3362a4d6bdc0739bcf48fe32243a69
10.0.2.15;184.51.9.204;49242;443;not resolved;api.accuweather.com;api.accuweather.com;;771;49195-49196-52393-49199-49200-52392-49171-49172-156-157-47-53;0-23-10-11-35-16-5-13;0x0000001d,0x00000017,0x00000018;0;0529055d554c9da011b745452211c296;49200;0-11-35-5-16;;0,1,2;4e3362a4d6bdc0739bcf48fe32243a69
10.0.2.15;184.51.9.204;49243;443;not resolved;api.accuweather.com;api.accuweather.com;;771;49195-49196-52393-49199-49200-52392-49171-49172-156-157-47-53;0-23-10-11-35-16-5-13;0x0000001d,0x00000017,0x00000018;0;0529055d554c9da011b745452211c296;49200;0-11-35-5-16;;0,1,2;4e3362a4d6bdc0739bcf48fe32243a69
10.0.2.15;184.51.9.204;49244;443;not resolved;api.accuweather.com;api.accuweather.com;;771;49195-49196-52393-49199-49200-52392-49171-49172-156-157-47-53;0-23-10-11-35-16-5-13;0x0000001d,0x00000017,0x00000018;0;0529055d554c9da011b745452211c296;49200;0-11-35-5-16;;0,1,2;4e3362a4d6bdc0739bcf48fe32243a69
10.0.2.15;184.51.9.204;49245;443;not resolved;api.accuweather.com;api.accuweather.com;;771;49195-49196-52393-49199-49200-52392-49171-49172-156-157-47-53;0-23-10-11-35-16-5-13;0x0000001d,0x00000017,0x00000018;0;0529055d554c9da011b745452211c296;49200;0-11-35-5-16;;0,1,2;4e3362a4d6bdc0739bcf48fe32243a69
10.0.2.15;184.51.9.204;49253;443;not resolved;api.accuweather.com;api.accuweather.com;;771;49195-49196-52393-49199-49200-52392-49161-49162-49171-49172-156-157-47-53;0-23-10-11-35-16-5-13;0x0000001d,0x00000017,0x00000018;0;193c522402283ed9e84b8bb38137829f;49200;16;;;0bcfa5ab48fd49e9b452fbea51bf9ff7
10.0.2.15;184.51.9.204;49254;443;not resolved;api.accuweather.com;api.accuweather.com;;771;49195-49196-52393-49199-49200-52392-49161-49162-49171-49172-156-157-47-53;0-23-10-11-35-16-5-13;0x0000001d,0x00000017,0x00000018;0;193c522402283ed9e84b8bb38137829f;49200;16;;;0bcfa5ab48fd49e9b452fbea51bf9ff7
10.0.2.15;184.51.9.204;49255;443;not resolved;api.accuweather.com;api.accuweather.com;;771;49195-49196-52393-49199-49200-52392-49171-49172-156-157-47-53;0-23-10-11-35-16-5-13;0x0000001d,0x00000017,0x00000018;0;0529055d554c9da011b745452211c296;49200;0-11-35-5-16;;0,1,2;4e3362a4d6bdc0739bcf48fe32243a69
10.0.2.15;184.51.9.204;49256;443;not resolved;api.accuweather.com;api.accuweather.com;;771;49195-49196-52393-49199-49200-52392-49171-49172-156-157-47-53;0-23-10-11-35-16-5-13;0x0000001d,0x00000017,0x00000018;0;0529055d554c9da011b745452211c296;49200;0-11-35-5-16;;0,1,2;4e3362a4d6bdc0739bcf48fe32243a69
10.0.2.15;184.51.9.204;49257;443;not resolved;api.accuweather.com;api.accuweather.com;;771;49195-49196-52393-49199-49200-52392-49171-49172-156-157-47-53;0-23-10-11-35-16-5-13;0x0000001d,0x00000017,0x00000018;0;0529055d554c9da011b745452211c296;49200;0-11-35-5-16;;0,1,2;4e3362a4d6bdc0739bcf48fe32243a69
10.0.2.15;184.51.9.204;49258;443;not resolved;api.accuweather.com;api.accuweather.com;;771;49195-49196-52393-49199-49200-52392-49171-49172-156-157-47-53;0-23-10-11-35-16-5-13;0x0000001d,0x00000017,0x00000018;0;0529055d554c9da011b745452211c296;49200;0-11-35-5-16;;0,1,2;4e3362a4d6bdc0739bcf48fe32243a69
10.0.2.15;184.51.9.204;49259;443;not resolved;api.accuweather.com;api.accuweather.com;;771;49195-49196-52393-49199-49200-52392-49171-49172-156-157-47-53;0-23-10-11-35-16-5-13;0x0000001d,0x00000017,0x00000018;0;0529055d554c9da011b745452211c296;49200;0-11-35-5-16;;0,1,2;4e3362a4d6bdc0739bcf48fe32243a69
10.0.2.15;184.51.9.204;49260;443;not resolved;api.accuweather.com;api.accuweather.com;;771;49195-49196-52393-49199-49200-52392-49171-49172-156-157-47-53;0-23-10-11-35-16-5-13;0x0000001d,0x00000017,0x00000018;0;0529055d554c9da011b745452211c296;49200;0-11-35-5-16;;0,1,2;4e3362a4d6bdc0739bcf48fe32243a69
10.0.2.15;184.51.9.204;49261;443;not resolved;api.accuweather.com;api.accuweather.com;;771;49195-49196-52393-49199-49200-52392-49171-49172-156-157-47-53;0-23-10-11-35-16-5-13;0x0000001d,0x00000017,0x00000018;0;0529055d554c9da011b745452211c296;49200;0-11-35-5-16;;0,1,2;4e3362a4d6bdc0739bcf48fe32243a69
10.0.2.15;184.51.9.204;49263;443;not resolved;api.accuweather.com;api.accuweather.com;;771;49195-49196-52393-49199-49200-52392-49171-49172-156-157-47-53;0-23-10-11-35-16-5-13;0x0000001d,0x00000017,0x00000018;0;0529055d554c9da011b745452211c296;49200;0-11-35-5-16;;0,1,2;4e3362a4d6bdc0739bcf48fe32243a69
10.0.2.15;184.51.9.204;49276;443;not resolved;api.accuweather.com;api.accuweather.com;;771;49195-49196-52393-49199-49200-52392-49161-49162-49171-49172-156-157-47-53;0-23-10-11-35-16-5-13;0x0000001d,0x00000017,0x00000018;0;193c522402283ed9e84b8bb38137829f;49200;0-11-35-5-16;;0,1,2;4e3362a4d6bdc0739bcf48fe32243a69
10.0.2.15;185.33.223.206;56453;443;not resolved;ib.adnxs.com;ib.adnxs.com;AD;771;49195-49199-49196-49200-52393-52392-49171-49172-156-157-47-53-10;0-23-35-13-5-18-16-11-10-27;0x00002a2a,0x0000001d,0x00000017,0x00000018;0;d5dcde95b8fa38b5062a128f7eff0737;49195;0-11-35-5-16;;0,1,2;6ab6af5ccdf237818ed677dfb1e5dabc
10.0.2.15;212.82.100.172;60548;443;not resolved;ads.yahoo.com;ads.yahoo.com;AD;771;49195-49199-49196-49200-52393-52392-49171-49172-156-157-47-53-10;0-23-35-13-5-18-16-11-10-27;0x00006a6a,0x0000001d,0x00000017,0x00000018;0;d5dcde95b8fa38b5062a128f7eff0737;49199;0-11-35-5-16;;0,1,2;0dd6cbec8e8bbaa06efa39ff853972dd
10.0.2.15;216.58.201.106;34206;443;not resolved;android.googleapis.com;android.googleapis.com;;771;49195-49196-52393-49199-49200-52392-49161-49162-49171-49172-156-157-47-53;0-23-10-11-5-13-30032;0x0000001d,0x00000017,0x00000018;0;ca75d9d90e40897206fa2a08d9100df0;49195;23-11-30032;;0;3e5b81f4815a4818df9b54eb4cdc644e
10.0.2.15;216.58.201.67;43596;443;not resolved;www.gstatic.com;www.gstatic.com;;771;49195-49199-49196-49200-52393-52392-49171-49172-156-157-47-53-10;0-23-35-13-5-18-16-11-10-27;0x00002a2a,0x0000001d,0x00000017,0x00000018;0;d5dcde95b8fa38b5062a128f7eff0737;49195;23-11-35-16;;0;3589acf0c85c607d87bcab1a7e1c7ca3
10.0.2.15;216.58.201.67;43597;443;not resolved;www.gstatic.com;www.gstatic.com;;771;49195-49199-49196-49200-52393-52392-49171-49172-156-157-47-53-10;0-23-35-13-5-18-16-11-10-27;0x0000fafa,0x0000001d,0x00000017,0x00000018;0;d5dcde95b8fa38b5062a128f7eff0737;49195;23-11-35-16;;0;3589acf0c85c607d87bcab1a7e1c7ca3
10.0.2.15;216.58.201.70;56709;443;not resolved;s0.2mdn.net;s0.2mdn.net;AD;771;49195-49199-49196-49200-52393-52392-49171-49172-156-157-47-53-10;0-23-35-13-5-18-16-11-10-27;0x00007a7a,0x0000001d,0x00000017,0x00000018;0;d5dcde95b8fa38b5062a128f7eff0737;49199;23-11-35-16;;0;182b31efa088c7665b13d7d04d80fef0
10.0.2.15;216.58.201.74;47113;443;not resolved;geomobileservices-pa.googleapis.com;android.googleapis.com;;771;49195-49196-52393-49199-49200-52392-49161-49162-49171-49172-156-157-47-53;0-23-10-11-16-5-13;0x0000001d,0x00000017,0x00000018;0;4e0d4a2b967fa262cd93949879d163fe;49195;23-11-16;;0;3e22c1e49e52f88fc45c8cbd6b8e1f37
10.0.2.15;216.58.201.78;58429;443;not resolved;android.clients.google.com;android.clients.google.com;;771;49195-49196-52393-49199-49200-52392-49161-49162-49171-49172-156-157-47-53;0-23-10-11-5-13;0x0000001d,0x00000017,0x00000018;0;3d9a16cdc1b2a98f6046af1c833054b8;49195;23-11;;0;9ab8f8c869ad234d4025e882270a547a
10.0.2.15;216.58.201.78;58455;443;not resolved;app-measurement.com;android.clients.google.com;;771;49195-49196-52393-49199-49200-52392-49161-49162-49171-49172-156-157-47-53;0-23-10-11-35-16-5-13;0x0000001d,0x00000017,0x00000018;0;193c522402283ed9e84b8bb38137829f;49199;23-11-35-16;;0;182b31efa088c7665b13d7d04d80fef0
10.0.2.15;216.58.201.97;40748;443;not resolved;tpc.googlesyndication.com;tpc.googlesyndication.com;AD;771;49195-49199-49196-49200-52393-52392-49171-49172-156-157-47-53-10;0-23-35-13-5-18-16-11-10-27;0x00002a2a,0x0000001d,0x00000017,0x00000018;0;d5dcde95b8fa38b5062a128f7eff0737;49199;23-11-35-16;;0;182b31efa088c7665b13d7d04d80fef0
10.0.2.15;216.58.201.97;40749;443;not resolved;tpc.googlesyndication.com;tpc.googlesyndication.com;AD;771;49195-49199-49196-49200-52393-52392-49171-49172-156-157-47-53-10;0-23-35-13-5-18-16-11-10-27;0x0000aaaa,0x0000001d,0x00000017,0x00000018;0;d5dcde95b8fa38b5062a128f7eff0737;49199;23-11-35-16;;0;182b31efa088c7665b13d7d04d80fef0
10.0.2.15;216.58.201.97;40750;443;not resolved;tpc.googlesyndication.com;tpc.googlesyndication.com;AD;771;49195-49199-49196-49200-52393-52392-49171-49172-156-157-47-53-10;0-23-35-13-5-18-16-11-10-27;0x00002a2a,0x0000001d,0x00000017,0x00000018;0;d5dcde95b8fa38b5062a128f7eff0737;49199;23-11-35-16;;0;182b31efa088c7665b13d7d04d80fef0
10.0.2.15;216.58.201.97;40751;443;not resolved;tpc.googlesyndication.com;tpc.googlesyndication.com;AD;771;49195-49199-49196-49200-52393-52392-49171-49172-156-157-47-53-10;0-23-35-13-5-18-16-11-10-27;0x00005a5a,0x0000001d,0x00000017,0x00000018;0;d5dcde95b8fa38b5062a128f7eff0737;49199;23-11-35-16;;0;182b31efa088c7665b13d7d04d80fef0
10.0.2.15;216.58.201.98;37172;443;not resolved;googleads4.g.doubleclick.net;cm.g.doubleclick.net;AD;771;49195-49199-49196-49200-52393-52392-49171-49172-156-157-47-53-10;0-23-35-13-5-18-16-11-10-27;0x00008a8a,0x0000001d,0x00000017,0x00000018;0;d5dcde95b8fa38b5062a128f7eff0737;49195;23-11-35-16;;0;3589acf0c85c607d87bcab1a7e1c7ca3
10.0.2.15;23.38.81.66;56263;443;not resolved;vortex.accuweather.com;vortex.accuweather.com;;771;49195-49196-52393-49199-49200-52392-49161-49162-49171-49172-156-157-47-53;0-23-10-11-35-16-5-13;0x0000001d,0x00000017,0x00000018;0;193c522402283ed9e84b8bb38137829f;49200;0-11-35-5-16;;0,1,2;4e3362a4d6bdc0739bcf48fe32243a69
10.0.2.15;34.225.140.34;39706;443;not resolved;nativesdks.mparticle.com;nativesdks.mparticle.com;AD;771;49195-49196-52393-49199-49200-52392-158-159-49161-49162-49171-49172-51-57-156-157-47-53;0-23-35-13-16-11-10;0x00000017;0;1d9c09ee8595b0a1e34ac5c212c0448a;49199;11-35-16;;0,1,2;20c4fa904f1b77fd5e65084838cdfb5a
10.0.2.15;34.255.249.48;58644;443;not resolved;t.appsflyer.com;t.appsflyer.com;AD;771;49195-49196-52393-49199-49200-52392-49161-49162-49171-49172-156-157-47-53;0-23-10-11-35-16-5-13;0x0000001d,0x00000017,0x00000018;0;193c522402283ed9e84b8bb38137829f;49199;11;;0,1,2;70745099b394fe3f42264227c098cc98
10.0.2.15;35.190.53.75;60146;443;not resolved;combine.urbanairship.com;combine.urbanairship.com;AD;771;49195-49196-52393-49199-49200-52392-49161-49162-49171-49172-156-157-47-53;0-23-10-11-35-16-5-13;0x0000001d,0x00000017,0x00000018;0;193c522402283ed9e84b8bb38137829f;49195;23-11-35-16;;0;3589acf0c85c607d87bcab1a7e1c7ca3
10.0.2.15;35.201.74.116;42154;443;not resolved;remote-data.urbanairship.com;remote-data.urbanairship.com;AD;771;49195-49196-52393-49199-49200-52392-158-159-49161-49162-49171-49172-51-57-156-157-47-53;0-23-35-13-16-11-10;0x00000017;0;1d9c09ee8595b0a1e34ac5c212c0448a;49195;23-11-35-16;;0;3589acf0c85c607d87bcab1a7e1c7ca3
10.0.2.15;35.244.184.98;49060;443;not resolved;device-api.urbanairship.com;device-api.urbanairship.com;AD;771;49195-49196-52393-49199-49200-52392-158-159-49161-49162-49171-49172-51-57-156-157-47-53;0-23-35-13-16-11-10;0x00000017;0;1d9c09ee8595b0a1e34ac5c212c0448a;49195;23-11-35-16;;0;3589acf0c85c607d87bcab1a7e1c7ca3
10.0.2.15;35.244.184.98;49063;443;not resolved;device-api.urbanairship.com;device-api.urbanairship.com;AD;771;49195-49196-52393-49199-49200-52392-49161-49162-49171-49172-156-157-47-53;0-23-10-11-35-16-5-13;0x0000001d,0x00000017,0x00000018;0;193c522402283ed9e84b8bb38137829f;49195;23-11-35-16;;0;3589acf0c85c607d87bcab1a7e1c7ca3
10.0.2.15;35.244.184.98;49065;443;not resolved;device-api.urbanairship.com;device-api.urbanairship.com;AD;771;49195-49196-52393-49199-49200-52392-49161-49162-49171-49172-156-157-47-53;0-23-10-11-35-16-5-13;0x0000001d,0x00000017,0x00000018;0;193c522402283ed9e84b8bb38137829f;49195;23-11-16;;0;3e22c1e49e52f88fc45c8cbd6b8e1f37
10.0.2.15;35.244.184.98;49113;443;not resolved;device-api.urbanairship.com;device-api.urbanairship.com;AD;771;49195-49196-52393-49199-49200-52392-49161-49162-49171-49172-156-157-47-53;0-23-10-11-35-16-5-13;0x0000001d,0x00000017,0x00000018;0;193c522402283ed9e84b8bb38137829f;49195;23-11-35-16;;0;3589acf0c85c607d87bcab1a7e1c7ca3
10.0.2.15;50.19.232.199;33693;443;not resolved;settings.crashlytics.com;settings.crashlytics.com;AD;771;49195-49196-52393-49199-49200-52392-158-159-49161-49162-49171-49172-51-57-156-157-47-53;0-23-35-13-16-11-10;0x00000017;0;1d9c09ee8595b0a1e34ac5c212c0448a;49199;11;;0,1,2;70745099b394fe3f42264227c098cc98
10.0.2.15;52.17.133.69;37394;443;not resolved;events.appsflyer.com;events.appsflyer.com;AD;771;49195-49196-52393-49199-49200-52392-49161-49162-49171-49172-156-157-47-53;0-23-10-11-35-16-5-13;0x0000001d,0x00000017,0x00000018;0;193c522402283ed9e84b8bb38137829f;49199;11;;0,1,2;70745099b394fe3f42264227c098cc98
10.0.2.15;52.17.133.69;37430;443;not resolved;events.appsflyer.com;events.appsflyer.com;AD;771;49195-49196-52393-49199-49200-52392-49161-49162-49171-49172-156-157-47-53;0-23-10-11-35-16-5-13;0x0000001d,0x00000017,0x00000018;0;193c522402283ed9e84b8bb38137829f;49199;11;;0,1,2;70745099b394fe3f42264227c098cc98
10.0.2.15;52.17.174.36;56267;443;not resolved;events.appsflyer.com;events.appsflyer.com;AD;771;49195-49196-52393-49199-49200-52392-49161-49162-49171-49172-156-157-47-53;0-23-10-11-35-16-5-13;0x0000001d,0x00000017,0x00000018;0;193c522402283ed9e84b8bb38137829f;49199;11;;0,1,2;70745099b394fe3f42264227c098cc98
10.0.2.15;52.17.174.36;56277;443;not resolved;events.appsflyer.com;events.appsflyer.com;AD;771;49195-49196-52393-49199-49200-52392-49161-49162-49171-49172-156-157-47-53;0-23-10-11-35-16-5-13;0x0000001d,0x00000017,0x00000018;0;193c522402283ed9e84b8bb38137829f;49199;11;;0,1,2;70745099b394fe3f42264227c098cc98
10.0.2.15;52.214.159.92;60845;443;not resolved;events.appsflyer.com;events.appsflyer.com;AD;771;49195-49196-52393-49199-49200-52392-49161-49162-49171-49172-156-157-47-53;0-23-10-11-35-16-5-13;0x0000001d,0x00000017,0x00000018;0;193c522402283ed9e84b8bb38137829f;49199;11;;0,1,2;70745099b394fe3f42264227c098cc98
10.0.2.15;52.3.95.246;52929;443;not resolved;cms.accuweather.com;cms.accuweather.com;;771;49195-49196-52393-49199-49200-52392-49161-49162-49171-49172-156-157-47-53;0-23-10-11-35-16-5-13;0x0000001d,0x00000017,0x00000018;0;193c522402283ed9e84b8bb38137829f;49199;11;;0,1,2;70745099b394fe3f42264227c098cc98
10.0.2.15;52.49.94.193;43656;443;not resolved;api.appsflyer.com;api.appsflyer.com;AD;771;49195-49196-52393-49199-49200-52392-49161-49162-49171-49172-156-157-47-53;0-23-10-11-35-16-5-13;0x0000001d,0x00000017,0x00000018;0;193c522402283ed9e84b8bb38137829f;49199;11;;0,1,2;70745099b394fe3f42264227c098cc98
10.0.2.15;52.94.216.48;37243;443;not resolved;aax-eu.amazon-adsystem.com;aax-eu.amazon-adsystem.com;AD;771;49195-49196-52393-49199-49200-52392-49161-49162-49171-49172-156-157-47-53;0-23-10-11-35-16-5-13;0x0000001d,0x00000017,0x00000018;0;193c522402283ed9e84b8bb38137829f;49199;11-35-5-16;;0,1,2;03032be98e68a3e10c63642567e4f55a
10.0.2.15;52.94.216.48;37286;443;not resolved;aax-eu.amazon-adsystem.com;aax-eu.amazon-adsystem.com;AD;771;49195-49196-52393-49199-49200-52392-49161-49162-49171-49172-156-157-47-53;0-23-10-11-35-16-5-13;0x0000001d,0x00000017,0x00000018;0;193c522402283ed9e84b8bb38137829f;49199;11-35-5-16;;0,1,2;03032be98e68a3e10c63642567e4f55a
10.0.2.15;52.94.216.48;37303;443;not resolved;aax-eu.amazon-adsystem.com;aax-eu.amazon-adsystem.com;AD;771;49195-49196-52393-49199-49200-52392-49161-49162-49171-49172-156-157-47-53;0-23-10-11-35-16-5-13;0x0000001d,0x00000017,0x00000018;0;193c522402283ed9e84b8bb38137829f;49199;11-35-5-16;;0,1,2;03032be98e68a3e10c63642567e4f55a
10.0.2.15;52.94.216.48;37311;443;not resolved;aax-eu.amazon-adsystem.com;aax-eu.amazon-adsystem.com;AD;771;49195-49196-52393-49199-49200-52392-49161-49162-49171-49172-156-157-47-53;0-23-10-11-35-16-5-13;0x0000001d,0x00000017,0x00000018;0;193c522402283ed9e84b8bb38137829f;49199;11-35-5-16;;0,1,2;03032be98e68a3e10c63642567e4f55a
10.0.2.15;52.94.216.48;37322;443;not resolved;aax-eu.amazon-adsystem.com;aax-eu.amazon-adsystem.com;AD;771;49195-49196-52393-49199-49200-52392-49161-49162-49171-49172-156-157-47-53;0-23-10-11-35-16-5-13;0x0000001d,0x00000017,0x00000018;0;193c522402283ed9e84b8bb38137829f;49199;11-35-5-16;;0,1,2;03032be98e68a3e10c63642567e4f55a
10.0.2.15;52.94.216.48;37325;443;not resolved;aax-eu.amazon-adsystem.com;aax-eu.amazon-adsystem.com;AD;771;49195-49196-52393-49199-49200-52392-49161-49162-49171-49172-156-157-47-53;0-23-10-11-35-16-5-13;0x0000001d,0x00000017,0x00000018;0;193c522402283ed9e84b8bb38137829f;49199;11-35-5-16;;0,1,2;03032be98e68a3e10c63642567e4f55a
10.0.2.15;52.94.224.25;45693;443;not resolved;mads.amazon-adsystem.com;mads.amazon-adsystem.com;AD;771;49195-49196-52393-49199-49200-52392-49161-49162-49171-49172-156-157-47-53;0-23-10-11-35-16-5-13;0x0000001d,0x00000017,0x00000018;0;193c522402283ed9e84b8bb38137829f;49199;11-5-16;;0,1,2;7a9a39b609e16d0f177b5e7329f51e74
10.0.2.15;54.72.196.207;57845;443;not resolved;api.appsflyer.com;api.appsflyer.com;AD;771;49195-49196-52393-49199-49200-52392-49161-49162-49171-49172-156-157-47-53;0-23-10-11-35-16-5-13;0x0000001d,0x00000017,0x00000018;0;193c522402283ed9e84b8bb38137829f;49199;11;;0,1,2;70745099b394fe3f42264227c098cc98
10.0.2.15;54.77.210.188;53813;443;not resolved;events.appsflyer.com;events.appsflyer.com;AD;771;49195-49196-52393-49199-49200-52392-49161-49162-49171-49172-156-157-47-53;0-23-10-11-35-16-5-13;0x0000001d,0x00000017,0x00000018;0;193c522402283ed9e84b8bb38137829f;49199;11;;0,1,2;70745099b394fe3f42264227c098cc98
10.0.2.15;99.86.243.62;35808;443;not resolved;accuweather.brightspotcdn.com;accuweather.brightspotcdn.com;;771;49195-49196-52393-49199-49200-52392-49161-49162-49171-49172-156-157-47-53;0-23-10-11-35-16-5-13;0x0000001d,0x00000017,0x00000018;0;193c522402283ed9e84b8bb38137829f;49199;0-11-35-16;;0,1,2;b63e0ce737c366a59bca6a201d4851ef
10.0.2.15;99.86.244.43;41257;443;not resolved;api.mapbox.com;api.mapbox.com;;771;49195-49196-52393-49199-49200-52392-49171-49172-156-157-47-53;0-23-10-11-35-16-5-13;0x0000001d,0x00000017,0x00000018;0;0529055d554c9da011b745452211c296;49199;0-11-35-5-16;;0,1,2;0dd6cbec8e8bbaa06efa39ff853972dd
